{
    "resolutionId": 10,
    "graphicsId": 2,
    "masterVolumeValue": -80.0,
    "musicValue": -27.843820571899415,
    "soundFxValue": -40.55918502807617,
    "fullscreenValue": true
}